AIRPORT_ID,AIRPORT_SEQ_ID,CITY_MARKET_ID,AIRPORT_CODE,CITY_NAME,STATE_ABR,STATE_FIPS,STATE_NM,WAC
10011,1001104,30011,1G4,"Peach Springs, AZ",AZ,4,Arizona,81
10040,1004001,30040,A27,"Pogo Mines, AK",AK,2,Alaska,1
10122,1012204,30122,AAF,"Apalachicola, FL",FL,12,Florida,33
10135,1013506,30135,ABE,"Allentown/Bethlehem/Easton, PA",PA,42,Pennsylvania,23
10136,1013603,30136,ABI,"Abilene, TX",TX,48,Texas,74
10139,1013901,30139,ABL,"Ambler, AK",AK,2,Alaska,1
10140,1014005,30140,ABQ,"Albuquerque, NM",NM,35,"New Mexico",86
10141,1014106,30141,ABR,"Aberdeen, SD",SD,46,"South Dakota",67
10146,1014602,30146,ABY,"Albany, GA",GA,13,Georgia,34
10154,1015406,30154,ACK,"Nantucket, MA",MA,25,Massachusetts,13
10155,1015502,30155,ACT,"Waco, TX",TX,48,Texas,74
10157,1015706,30157,ACV,"Arcata/Eureka, CA",CA,6,California,91
10158,1015804,30158,ACY,"Atlantic City, NJ",NJ,34,"New Jersey",21
10165,1016506,30165,ADK,"Adak Island, AK",AK,2,Alaska,1
10170,1017004,30070,ADQ,"Kodiak, AK",AK,2,Alaska,1
10171,1017102,30194,ADS,"Dallas, TX",TX,48,Texas,74
10184,1018402,30184,AET,"Allakaket, AK",AK,2,Alaska,1
10185,1018502,30185,AEX,"Alexandria, LA",LA,22,Louisiana,72
10194,1019408,30194,AFW,"Dallas/Fort Worth, TX",TX,48,Texas,74
10204,1020401,30204,AGN,"Angoon, AK",AK,2,Alaska,1
10208,1020803,30208,AGS,"Augusta, GA",GA,13,Georgia,34
10216,1021605,30216,AHN,"Athens, GA",GA,13,Georgia,34
10221,1022105,30221,AIA,"Alliance, NE",NE,31,Nebraska,65
10225,1022502,30225,AIN,"Wainwright, AK",AK,2,Alaska,1
10237,1023702,30237,AKB,"Atka, AK",AK,2,Alaska,1
10241,1024102,30241,AKI,"Akiak, AK",AK,2,Alaska,1
10245,1024502,30245,AKN,"King Salmon, AK",AK,2,Alaska,1
10247,1024702,30247,AKP,"Anaktuvuk Pass, AK",AK,2,Alaska,1
10257,1025702,30257,ALB,"Albany, NY",NY,36,"New York",22
10268,1026803,30268,ALO,"Waterloo, IA",IA,19,Iowa,61
10272,1027205,30272,ALS,"Alamosa, CO",CO,8,Colorado,82
10275,1027506,30275,ALW,"Walla Walla, WA",WA,53,Washington,93
10279,1027903,30279,AMA,"Amarillo, TX",TX,48,Texas,74
10299,1029906,30299,ANC,"Anchorage, AK",AK,2,Alaska,1
10304,1030402,30304,ANI,"Aniak, AK",AK,2,Alaska,1
10313,1031302,30313,ANV,"Anvik, AK",AK,2,Alaska,1
10322,1032202,30322,AOO,"Altoona, PA",PA,42,Pennsylvania,23
10325,1032505,30325,APA,"Denver, CO",CO,8,Colorado,82
10327,1032704,30327,APC,"Napa, CA",CA,6,California,91
10329,1032905,30329,APF,"Naples, FL",FL,12,Florida,33
10333,1033302,30333,APN,"Alpena, MI",MI,26,Michigan,43
10349,1034902,30349,ARC,"Arctic Village, AK",AK,2,Alaska,1
10361,1036105,30361,ART,"Watertown, NY",NY,36,"New York",22
10372,1037205,30372,ASE,"Aspen, CO",CO,8,Colorado,82
10396,1039605,30396,ATK,"Atqasuk, AK",AK,2,Alaska,1
10397,1039707,30397,ATL,"Atlanta, GA",GA,13,Georgia,34
10405,1040505,30405,ATT,"Atmautluak, AK",AK,2,Alaska,1
10408,1040805,30408,ATW,"Appleton, WI",WI,55,Wisconsin,45
10409,1040903,30409,ATY,"Watertown, SD",SD,46,"South Dakota",67
10414,1041402,30414,AUG,"Augusta/Waterville, ME",ME,23,Maine,12
10416,1041605,30416,AUK,"Alakanuk, AK",AK,2,Alaska,1
10423,1042302,30423,AUS,"Austin, TX",TX,48,Texas,74
10431,1043106,30431,AVL,"Asheville, NC",NC,37,"North Carolina",36
10434,1043405,30434,AVP,"Scranton/Wilkes-Barre, PA",PA,42,Pennsylvania,23
10436,1043602,30436,AVW,"Tucson, AZ",AZ,4,Arizona,81
10439,1043903,30439,AWK,"Wake Island, TT",TT,75,"U.S. Pacific Trust Territories and Possessions",5
10455,1045502,30455,AXX,"Eagle Nest, NM",NM,35,"New Mexico",86
10465,1046502,30466,AZ3,"Glendale, AZ",AZ,4,Arizona,81
10466,1046602,30466,AZA,"Phoenix, AZ",AZ,4,Arizona,81
10469,1046902,30469,AZO,"Kalamazoo, MI",MI,26,Michigan,43
10476,1047605,30476,BAD,"Shreveport, LA",LA,22,Louisiana,72
10478,1047805,30478,BAF,"Westfield, MA",MA,25,Massachusetts,13
10508,1050803,30508,BCB,"Blacksburg, VA",VA,51,Virginia,38
10519,1051901,30519,BCT,"Boca Raton, FL",FL,12,Florida,33
10529,1052907,30529,BDL,"Hartford, CT",CT,9,Connecticut,11
10535,1053503,30535,BDR,"Bridgeport, CT",CT,9,Connecticut,11
10540,1054005,30540,BED,"Bedford, MA",MA,25,Massachusetts,13
10551,1055102,30113,BET,"Bethel, AK",AK,2,Alaska,1
10557,1055702,30557,BFD,"Bradford, PA",PA,42,Pennsylvania,23
10558,1055803,30558,BFF,"Scottsbluff, NE",NE,31,Nebraska,65
10559,1055902,30559,BFI,"Seattle, WA",WA,53,Washington,93
10561,1056103,30561,BFL,"Bakersfield, CA",CA,6,California,91
10562,1056203,30562,BFM,"Mobile, AL",AL,1,Alabama,51
10569,1056903,30569,BFT,"Beaufort, SC",SC,45,"South Carolina",37
10577,1057705,30577,BGM,"Binghamton, NY",NY,36,"New York",22
10581,1058102,30581,BGR,"Bangor, ME",ME,23,Maine,12
10589,1058903,30589,BHB,"Bar Harbor, ME",ME,23,Maine,12
10590,1059006,30590,IFP,"Bullhead City, AZ",AZ,4,Arizona,81
10599,1059904,30599,BHM,"Birmingham, AL",AL,1,Alabama,51
10613,1061302,30613,BID,"Block Island, RI",RI,44,"Rhode Island",15
10615,1061502,30615,BIF,"El Paso, TX",TX,48,Texas,74
10617,1061705,30617,BIH,"Bishop, CA",CA,6,California,91
10620,1062003,30620,BIL,"Billings, MT",MT,30,Montana,84
10627,1062702,30627,BIS,"Bismarck/Mandan, ND",ND,38,"North Dakota",66
10630,1063004,30630,BJC,"Broomfield, CO",CO,8,Colorado,82
10631,1063104,30631,BJI,"Bemidji, MN",MN,27,Minnesota,63
10640,1064002,30640,BKC,"Buckland, AK",AK,2,Alaska,1
10654,1065402,30654,BKW,"Beckley, WV",WV,54,"West Virginia",39
10661,1066106,30661,BLD,"Boulder City, NV",NV,32,Nevada,85
10666,1066602,30666,BLI,"Bellingham, WA",WA,53,Washington,93
10676,1067603,30676,BLV,"Belleville, IL",IL,17,Illinois,41
10683,1068303,30683,BMG,"Bloomington, IN",IN,18,Indiana,42
10685,1068503,30685,BMI,"Bloomington/Normal, IL",IL,17,Illinois,41
10693,1069302,30693,BNA,"Nashville, TN",TN,47,Tennessee,54
10713,1071302,30713,BOI,"Boise, ID",ID,16,Idaho,83
10721,1072102,30721,BOS,"Boston, MA",MA,25,Massachusetts,13
10728,1072805,30728,BPT,"Beaumont/Port Arthur, TX",TX,48,Texas,74
10731,1073103,30731,BQK,"Brunswick, GA",GA,13,Georgia,34
10732,1073203,30732,BQN,"Aguadilla, PR",PR,72,"Puerto Rico",3
10739,1073907,30739,BRD,"Brainerd, MN",MN,27,Minnesota,63
10744,1074403,30744,BRL,"Burlington, IA",IA,19,Iowa,61
10747,1074706,30747,BRO,"Brownsville, TX",TX,48,Texas,74
10754,1075405,30107,BRW,"Barrow, AK",AK,2,Alaska,1
10775,1077507,30775,BTI,"Barter Island, AK",AK,2,Alaska,1
10779,1077902,30779,BTM,"Butte, MT",MT,30,Montana,84
10781,1078105,30781,BTR,"Baton Rouge, LA",LA,22,Louisiana,72
10783,1078302,30783,BTT,"Bettles, AK",AK,2,Alaska,1
10785,1078502,30785,BTV,"Burlington, VT",VT,50,Vermont,16
10792,1079206,30792,BUF,"Buffalo, NY",NY,36,"New York",22
10800,1080003,32575,BUR,"Burbank, CA",CA,6,California,91
10815,1081505,30815,BVY,"Beverly, MA",MA,25,Massachusetts,13
10817,1081702,30817,BWD,"Brownwood, TX",TX,48,Texas,74
10819,1081902,30819,BWG,"Bowling Green, KY",KY,21,Kentucky,52
10821,1082106,30852,BWI,"Baltimore, MD",MD,24,Maryland,35
10849,1084907,30849,BZN,"Bozeman, MT",MT,30,Montana,84
10857,1085703,30857,C01,"Camarillo, CA",CA,6,California,91
10868,1086803,30868,CAE,"Columbia, SC",SC,45,"South Carolina",37
10874,1087402,30647,CAK,"Akron, OH",OH,39,Ohio,44
10910,1091003,32457,CCR,"Concord, CA",CA,6,California,91
10917,1091706,30082,CDB,"Cold Bay, AK",AK,2,Alaska,1
10918,1091802,30918,CDC,"Cedar City, UT",UT,49,Utah,87
10925,1092502,30925,CDR,"Chadron, NE",NE,31,Nebraska,65
10926,1092603,30913,CDV,"Cordova, AK",AK,2,Alaska,1
10930,1093002,30930,CEC,"Crescent City, CA",CA,6,California,91
10933,1093302,30933,CEF,"Chicopee Falls, MA",MA,25,Massachusetts,13
10938,1093802,30938,CEM,"Central, AK",AK,2,Alaska,1
10950,1095002,30950,CEZ,"Cortez, CO",CO,8,Colorado,82
10958,1095802,30958,CFT,"Clifton, AZ",AZ,4,Arizona,81
10967,1096702,30967,CGI,"Cape Girardeau, MO",MO,29,Missouri,64
10980,1098002,30980,CHA,"Chattanooga, TN",TN,47,Tennessee,54
10990,1099005,30990,CHO,"Charlottesville, VA",VA,51,Virginia,38
10994,1099402,30994,CHS,"Charleston, SC",SC,45,"South Carolina",37
10996,1099602,30996,CHU,"Chuathbaluk, AK",AK,2,Alaska,1
11002,1100203,31002,CIC,"Chico, CA",CA,6,California,91
11003,1100303,31003,CID,"Cedar Rapids/Iowa City, IA",IA,19,Iowa,61
11007,1100702,31007,CIK,"Chalkyitsik, AK",AK,2,Alaska,1
11013,1101303,31013,CIU,"Sault Ste. Marie, MI",MI,26,Michigan,43
11027,1102705,31027,CKB,"Clarksburg/Fairmont, WV",WV,54,"West Virginia",39
11028,1102803,31028,CKD,"Crooked Creek, AK",AK,2,Alaska,1
11036,1103605,31036,CKX,"Chicken, AK",AK,2,Alaska,1
11041,1104103,31041,CLD,"Carlsbad, CA",CA,6,California,91
11042,1104205,30647,CLE,"Cleveland, OH",OH,39,Ohio,44
11049,1104903,31049,CLL,"College Station/Bryan, TX",TX,48,Texas,74
11050,1105002,31050,CLM,"Port Angeles, WA",WA,53,Washington,93
11053,1105302,31053,CLP,"Clarks Point, AK",AK,2,Alaska,1
11057,1105703,31057,CLT,"Charlotte, NC",NC,37,"North Carolina",36
11066,1106606,31066,CMH,"Columbus, OH",OH,39,Ohio,44
11067,1106703,31067,CMI,"Champaign/Urbana, IL",IL,17,Illinois,41
11076,1107603,31076,CMX,"Hancock/Houghton, MI",MI,26,Michigan,43
11085,1108502,31085,CNM,"Carlsbad, NM",NM,35,"New Mexico",86
11086,1108602,31086,CNO,"Chino, CA",CA,6,California,91
11090,1109004,30155,CNW,"Waco, TX",TX,48,Texas,74
11092,1109205,31092,CNY,"Moab, UT",UT,49,Utah,87
11097,1109702,31097,COD,"Cody, WY",WY,56,Wyoming,88
11099,1109905,31099,COF,"Cocoa Beach, FL",FL,12,Florida,33
11106,1110602,31106,CON,"Concord, NH",NH,33,"New Hampshire",14
11109,1110902,30189,COS,"Colorado Springs, CO",CO,8,Colorado,82
11111,1111106,32474,COU,"Columbia, MO",MO,29,Missouri,64
11122,1112205,31122,CPR,"Casper, WY",WY,56,Wyoming,88
11123,1112301,31123,CPS,"St. Louis, MO",MO,29,Missouri,64
11126,1112605,31126,CPX,"Culebra, PR",PR,72,"Puerto Rico",3
11136,1113604,31136,CRG,"Jacksonville, FL",FL,12,Florida,33
11140,1114008,31140,CRP,"Corpus Christi, TX",TX,48,Texas,74
11146,1114608,31146,CRW,"Charleston/Dunbar, WV",WV,54,"West Virginia",39
11150,1115005,31150,CSG,"Columbus, GA",GA,13,Georgia,34
11193,1119302,33105,CVG,"Cincinnati, OH",KY,21,Kentucky,52
11197,1119707,31197,CVN,"Clovis, NM",NM,35,"New Mexico",86
11198,1119805,31198,CVO,"Corvallis, OR",OR,41,Oregon,92
11203,1120302,30424,CWA,"Mosinee, WI",WI,55,Wisconsin,45
11214,1121402,31214,CXF,"Coldfoot, AK",AK,2,Alaska,1
11227,1122706,31227,CYF,"Chefornak, AK",AK,2,Alaska,1
11233,1123302,31233,CYS,"Cheyenne, WY",WY,56,Wyoming,88
11241,1124105,31241,CZF,"Cape Romanzof, AK",AK,2,Alaska,1
11245,1124505,31245,CZN,"Chisana, AK",AK,2,Alaska,1
11252,1125203,31252,DAB,"Daytona Beach, FL",FL,12,Florida,33
11259,1125904,30194,DAL,"Dallas, TX",TX,48,Texas,74
11267,1126702,31267,DAY,"Dayton, OH",OH,39,Ohio,44
11274,1127402,31274,DBQ,"Dubuque, IA",IA,19,Iowa,61
11278,1127805,30852,DCA,"Washington, DC",VA,51,Virginia,38
11283,1128302,31283,DDC,"Dodge City, KS",KS,20,Kansas,62
11288,1128802,31288,DEC,"Decatur, IL",IL,17,Illinois,41
11292,1129202,30325,DEN,"Denver, CO",CO,8,Colorado,82
11298,1129806,30194,DFW,"Dallas/Fort Worth, TX",TX,48,Texas,74
11308,1130802,31308,DHN,"Dothan, AL",AL,1,Alabama,51
11315,1131504,31315,DIK,"Dickinson, ND",ND,38,"North Dakota",66
11317,1131702,31317,DIO,"Diomede Island, AK",AK,2,Alaska,1
11336,1133602,31336,DLG,"Dillingham, AK",AK,2,Alaska,1
11337,1133705,31337,DLH,"Duluth, MN",MN,27,Minnesota,63
11375,1137502,31375,DOV,"Dover, DE",DE,10,Delaware,31
11387,1138701,31387,M91,"Springfield, TN",TN,47,Tennessee,54
11391,1139106,31391,DQK,"Fort Drum, NY",NY,36,"New York",22
11411,1141105,31411,DRG,"Deering, AK",AK,2,Alaska,1
11413,1141307,30285,DRO,"Durango, CO",CO,8,Colorado,82
11415,1141501,31335,DRT,"Del Rio, TX",TX,48,Texas,74
11423,1142308,31423,DSM,"Des Moines, IA",IA,19,Iowa,61
11430,1143006,31430,DTO,"Denton, TX",TX,48,Texas,74
11433,1143302,31295,DTW,"Detroit, MI",MI,26,Michigan,43
11441,1144102,31441,DUJ,"DuBois, PA",PA,42,Pennsylvania,23
11445,1144505,31445,DUT,"Unalaska, AK",AK,2,Alaska,1
11447,1144705,31447,DVL,"Devils Lake, ND",ND,38,"North Dakota",66
11450,1145002,30466,DVT,"Phoenix, AZ",AZ,4,Arizona,81
11463,1146302,31463,EAA,"Eagle, AK",AK,2,Alaska,1
11468,1146802,31468,EAR,"Kearney, NE",NE,31,Nebraska,65
11470,1147005,31470,EAT,"Wenatchee, WA",WA,53,Washington,93
11471,1147103,31471,EAU,"Eau Claire, WI",WI,55,Wisconsin,45
11481,1148102,31481,ECP,"Panama City, FL",FL,12,Florida,33
11487,1148703,30299,EDF,"Anchorage, AK",AK,2,Alaska,1
11490,1149005,31490,EDW,"Edwards, CA",CA,6,California,91
11492,1149202,31492,EEK,"Eek, AK",AK,2,Alaska,1
11503,1150305,31503,EGE,"Eagle, CO",CO,8,Colorado,82
11511,1151103,31511,EGX,"Egegik, AK",AK,2,Alaska,1
11512,1151205,31512,EHM,"Cape Newenham, AK",AK,2,Alaska,1
11525,1152505,31525,EKO,"Elko, NV",NV,32,Nevada,85
11531,1153104,31531,ELD,"El Dorado, AR",AR,5,Arkansas,71
11535,1153502,31535,ELI,"Elim, AK",AK,2,Alaska,1
11537,1153706,31537,ELM,"Elmira/Corning, NY",NY,36,"New York",22
11540,1154005,30615,ELP,"El Paso, TX",TX,48,Texas,74
11545,1154501,31545,ELV,"Elfin Cove, AK",AK,2,Alaska,1
11550,1155001,31550,EMK,"Emmonak, AK",AK,2,Alaska,1
11554,1155407,31554,EMT,"El Monte, CA",CA,6,California,91
11555,1155502,31555,ENA,"Kenai, AK",AK,2,Alaska,1
11577,1157706,31577,ERI,"Erie, PA",PA,42,Pennsylvania,23
11587,1158702,31587,ESC,"Escanaba, MI",MI,26,Michigan,43
11588,1158802,31588,ESD,"Eastsound, WA",WA,53,Washington,93
11603,1160302,31603,EUG,"Eugene, OR",OR,41,Oregon,92
11612,1161206,31612,EVV,"Evansville, IN",IN,18,Indiana,42
11615,1161504,31615,EWB,"New Bedford/Fall River, MA",MA,25,Massachusetts,13
11617,1161708,31617,EWN,"New Bern/Morehead/Beaufort, NC",NC,37,"North Carolina",36
11618,1161802,31703,EWR,"Newark, NJ",NJ,34,"New Jersey",21
11624,1162403,31624,EYW,"Key West, FL",FL,12,Florida,33
11630,1163003,31517,FAI,"Fairbanks, AK",AK,2,Alaska,1
11637,1163703,31637,FAR,"Fargo, ND",ND,38,"North Dakota",66
11638,1163807,31638,FAT,"Fresno, CA",CA,6,California,91
11641,1164102,31641,FAY,"Fayetteville, NC",NC,37,"North Carolina",36
11648,1164802,31648,FCA,"Kalispell, MT",MT,30,Montana,84
11686,1168604,31686,FL1,"Zephyrhills, FL",FL,12,Florida,33
11695,1169502,31695,FLG,"Flagstaff, AZ",AZ,4,Arizona,81
11697,1169706,32467,FLL,"Fort Lauderdale, FL",FL,12,Florida,33
11699,1169902,31699,FLO,"Florence, SC",SC,45,"South Carolina",37
11711,1171102,31711,FMN,"Farmington, NM",NM,35,"New Mexico",86
11721,1172105,31721,FNT,"Flint, MI",MI,26,Michigan,43
11725,1172502,31725,FOD,"Fort Dodge, IA",IA,19,Iowa,61
11726,1172605,31726,FOE,"Topeka, KS",KS,20,Kansas,62
11728,1172804,31728,FOK,"Westhampton, NY",NY,36,"New York",22
11762,1176202,31646,FRD,"Friday Harbor, WA",WA,53,Washington,93
11764,1176405,31764,FRG,"East Farmingdale, NY",NY,36,"New York",22
11775,1177502,31775,FSD,"Sioux Falls, SD",SD,46,"South Dakota",67
11778,1177803,31778,FSM,"Fort Smith, AR",AR,5,Arkansas,71
11789,1178904,30194,FTW,"Dallas/Fort Worth, TX",TX,48,Texas,74
11790,1179002,30397,FTY,"Atlanta, GA",GA,13,Georgia,34
11811,1181101,31811,FVO,"Aurora, OR",OR,41,Oregon,92
11823,1182304,31823,FWA,"Fort Wayne, IN",IN,18,Indiana,42
11827,1182702,32467,FXE,"Fort Lauderdale, FL",FL,12,Florida,33
11833,1183305,31833,FYU,"Fort Yukon, AK",AK,2,Alaska,1
11834,1183403,31834,FYV,"Fayetteville, AR",AR,5,Arkansas,71
11842,1184201,31842,GAI,"Gaithersburg, MD",MD,24,Maryland,35
11844,1184404,31844,GAL,"Galena, AK",AK,2,Alaska,1
11845,1184502,31845,GAM,"Gambell, AK",AK,2,Alaska,1
11859,1185902,31859,GBH,"Galbraith Lake, AK",AK,2,Alaska,1
11865,1186503,31865,GCC,"Gillette, WY",WY,56,Wyoming,88
11867,1186703,31867,GCK,"Garden City, KS",KS,20,Kansas,62
11869,1186902,30463,GCN,"Grand Canyon, AZ",AZ,4,Arizona,81
11871,1187105,31871,GDC,"Greenville, SC",SC,45,"South Carolina",37
11879,1187902,31879,GDV,"Glendive, MT",MT,30,Montana,84
11883,1188306,31883,GED,"Georgetown, DE",DE,10,Delaware,31
11884,1188402,31884,GEG,"Spokane, WA",WA,53,Washington,93
11898,1189802,31898,GFK,"Grand Forks, ND",ND,38,"North Dakota",66
11905,1190502,31905,GGG,"Longview, TX",TX,48,Texas,74
11908,1190803,31908,GGW,"Glasgow, MT",MT,30,Montana,84
11921,1192102,31921,GJT,"Grand Junction, CO",CO,8,Colorado,82
11924,1192402,31924,GKN,"Gulkana, AK",AK,2,Alaska,1
11931,1193105,31931,GLH,"Greenville, MS",MS,28,Mississippi,53
11938,1193802,31938,GLR,"Gaylord, MI",MI,26,Michigan,43
11941,1194102,31941,GLV,"Golovin, AK",AK,2,Alaska,1
11952,1195205,31952,GNU,"Goodnews Bay, AK",AK,2,Alaska,1
11953,1195302,31953,GNV,"Gainesville, FL",FL,12,Florida,33
11973,1197302,31973,GPT,"Gulfport/Biloxi, MS",MS,28,Mississippi,53
11977,1197705,31977,GRB,"Green Bay, WI",WI,55,Wisconsin,45
11980,1198002,31980,GRI,"Grand Island, NE",NE,31,Nebraska,65
11982,1198202,31982,GRK,"Killeen, TX",TX,48,Texas,74
11986,1198603,31986,GRR,"Grand Rapids, MI",MI,26,Michigan,43
11995,1199502,31995,GSO,"Greensboro/High Point, NC",NC,37,"North Carolina",36
11996,1199603,31871,GSP,"Greer, SC",SC,45,"South Carolina",37
11997,1199702,31997,GST,"Gustavus, AK",AK,2,Alaska,1
12003,1200305,31895,GTF,"Great Falls, MT",MT,30,Montana,84
12007,1200704,30894,GTR,"Columbus, MS",MS,28,Mississippi,53
12012,1201206,32012,GUC,"Gunnison, CO",CO,8,Colorado,82
12016,1201602,32016,GUM,"Guam, TT",TT,75,"U.S. Pacific Trust Territories and Possessions",5
12018,1201802,32018,GUP,"Gallup, NM",NM,35,"New Mexico",86
12055,1205505,30977,GYY,"Gary, IN",IN,18,Indiana,42
12087,1208702,32087,HCR,"Holy Cross, AK",AK,2,Alaska,1
12094,1209402,34699,HDN,"Hayden, CO",CO,8,Colorado,82
12119,1211902,32119,HGR,"Hagerstown, MD",MD,24,Maryland,35
12124,1212402,32124,HHH,"Hilton Head, SC",SC,45,"South Carolina",37
12127,1212702,32575,HHR,"Hawthorne, CA",CA,6,California,91
12129,1212903,32129,HIB,"Hibbing, MN",MN,27,Minnesota,63
12132,1213202,32132,HII,"Lake Havasu City, AZ",AZ,4,Arizona,81
12134,1213406,32134,HIK,"Honolulu, HI",HI,15,Hawaii,2
12136,1213607,32136,HIO,"Hillsboro, OR",OR,41,Oregon,92
12141,1214101,32141,HKB,"Healy, AK",AK,2,Alaska,1
12149,1214902,32149,HKY,"Hickory, NC",NC,37,"North Carolina",36
12156,1215605,32156,HLN,"Helena, MT",MT,30,Montana,84
12171,1217105,32171,HNH,"Hoonah, AK",AK,2,Alaska,1
12173,1217305,32134,HNL,"Honolulu, HI",HI,15,Hawaii,2
12174,1217402,32174,HNM,"Hana, HI",HI,15,Hawaii,2
12175,1217503,31402,HNS,"Haines, AK",AK,2,Alaska,1
12177,1217705,32177,HOB,"Hobbs, NM",NM,35,"New Mexico",86
12184,1218405,30009,HOM,"Homer, AK",AK,2,Alaska,1
12190,1219002,32190,HOT,"Hot Springs, AR",AR,5,Arkansas,71
12191,1219103,31453,HOU,"Houston, TX",TX,48,Texas,74
12195,1219502,32195,HPB,"Hooper Bay, AK",AK,2,Alaska,1
12197,1219702,31703,HPN,"White Plains, NY",NY,36,"New York",22
12206,1220605,32206,HRL,"Harlingen/San Benito, TX",TX,48,Texas,74
12207,1220702,32207,HRO,"Harrison, AR",AR,5,Arkansas,71
12211,1221102,32211,HSH,"Las Vegas, NV",NV,32,Nevada,85
12214,1221402,32214,HSL,"Huslia, AK",AK,2,Alaska,1
12217,1221702,30255,HSV,"Huntsville, AL",AL,1,Alabama,51
12222,1222204,32222,HTO,"East Hampton, NY",NY,36,"New York",22
12223,1222305,32223,HTS,"Ashland, WV",WV,54,"West Virginia",39
12235,1223502,32235,HUS,"Hughes, AK",AK,2,Alaska,1
12244,1224404,32244,HVN,"New Haven, CT",CT,9,Connecticut,11
12245,1224503,32245,HVR,"Havre, MT",MT,30,Montana,84
12250,1225003,32250,HYA,"Hyannis, MA",MA,25,Massachusetts,13
12255,1225502,32255,HYS,"Hays, KS",KS,20,Kansas,62
12263,1226304,30928,IAB,"Wichita, KS",KS,20,Kansas,62
12264,1226402,30852,IAD,"Washington, DC",VA,51,Virginia,38
12265,1226505,32265,IAG,"Niagara Falls, NY",NY,36,"New York",22
12266,1226603,31453,IAH,"Houston, TX",TX,48,Texas,74
12268,1226803,32268,IAN,"Kiana, AK",AK,2,Alaska,1
12278,1227805,30928,ICT,"Wichita, KS",KS,20,Kansas,62
12280,1228002,32280,IDA,"Idaho Falls, ID",ID,16,Idaho,83
12294,1229402,32294,IGG,"Igiugig, AK",AK,2,Alaska,1
12315,1231502,32315,IKO,"Nikolski, AK",AK,2,Alaska,1
12320,1232002,32320,ILG,"Wilmington, DE",DE,10,Delaware,31
12321,1232102,32321,ILI,"Iliamna, AK",AK,2,Alaska,1
12323,1232305,32323,ILM,"Wilmington, NC",NC,37,"North Carolina",36
12324,1232401,32324,ILN,"Wilmington, OH",OH,39,Ohio,44
12335,1233502,32335,IMT,"Iron Mountain/Kingsfd, MI",MI,26,Michigan,43
12339,1233904,32337,IND,"Indianapolis, IN",IN,18,Indiana,42
12343,1234305,32343,INL,"International Falls, MN",MN,27,Minnesota,63
12348,1234802,32348,INT,"Winston-Salem, NC",NC,37,"North Carolina",36
12363,1236305,32363,IPL,"El Centro, CA",CA,6,California,91
12365,1236504,32365,IPT,"Williamsport, PA",PA,42,Pennsylvania,23
12370,1237005,32370,IRC,"Circle, AK",AK,2,Alaska,1
12375,1237505,32375,IRK,"Kirksville, MO",MO,29,Missouri,64
12388,1238802,31454,ISM,"Orlando, FL",FL,12,Florida,33
12391,1239103,31703,ISP,"Islip, NY",NY,36,"New York",22
12397,1239703,32397,ITH,"Ithaca/Cortland, NY",NY,36,"New York",22
12402,1240203,32402,ITO,"Hilo, HI",HI,15,Hawaii,2
12412,1241202,32412,IWD,"Ironwood, MI",MI,26,Michigan,43
12436,1243602,32436,IYK,"Inyokern, CA",CA,6,California,91
12441,1244102,32441,JAC,"Jackson, WY",WY,56,Wyoming,88
12448,1244807,32448,JAN,"Jackson/Vicksburg, MS",MS,28,Mississippi,53
12451,1245102,31136,JAX,"Jacksonville, FL",FL,12,Florida,33
12455,1245502,32455,JBR,"Jonesboro, AR",AR,5,Arkansas,71
12478,1247805,31703,JFK,"New York, NY",NY,36,"New York",22
12492,1249202,32492,JHM,"Kapalua, HI",HI,15,Hawaii,2
12511,1251103,32511,JLN,"Joplin, MO",MO,29,Missouri,64
12519,1251902,32519,JMS,"Jamestown, ND",ND,38,"North Dakota",66
12523,1252306,32523,JNU,"Juneau, AK",AK,2,Alaska,1
12544,1254404,32544,USA,"Concord, NC",NC,37,"North Carolina",36
12545,1254501,31703,JRA,"New York, NY",NY,36,"New York",22
12559,1255905,32559,JST,"Johnstown, PA",PA,42,Pennsylvania,23
12574,1257404,30693,TN8,"Nashville, TN",TN,47,Tennessee,54
12595,1259504,32595,JZQ,"Brooksville, FL",FL,12,Florida,33
12598,1259802,32598,JZT,"Arlington, TX",TX,48,Texas,74
12610,1261001,32610,KAE,"Kake, AK",AK,2,Alaska,1
12615,1261501,32615,KAL,"Kaltag, AK",AK,2,Alaska,1
12621,1262105,32621,KBC,"Birch Creek, AK",AK,2,Alaska,1
12635,1263504,32631,KCG,"Chignik Bay, AK",AK,2,Alaska,1
12638,1263804,32631,KCL,"Chignik Lagoon, AK",AK,2,Alaska,1
12641,1264105,32631,KCQ,"Chignik, AK",AK,2,Alaska,1
12649,1264902,32649,KEB,"Nanwalek, AK",AK,2,Alaska,1
12652,1265201,30559,KEH,"Kenmore, WA",WA,53,Washington,93
12653,1265305,32653,KEK,"Ekwok, AK",AK,2,Alaska,1
12663,1266306,32663,KFP,"False Pass, AK",AK,2,Alaska,1
12671,1267105,32671,KGK,"Koliganek, AK",AK,2,Alaska,1
12676,1267605,32676,KGX,"Grayling, AK",AK,2,Alaska,1
12704,1270402,32704,KKA,"Koyuk, AK",AK,2,Alaska,1
12708,1270804,32708,KKH,"Kongiganak, AK",AK,2,Alaska,1
12709,1270907,32709,KKI,"Akiachak, AK",AK,2,Alaska,1
12719,1271905,32719,KLG,"Kalskag, AK",AK,2,Alaska,1
12720,1272005,32720,KLL,"Levelock, AK",AK,2,Alaska,1
12728,1272801,30007,KLW,"Klawock, AK",AK,2,Alaska,1
12737,1273701,32737,KMO,"Manokotak, AK",AK,2,Alaska,1
12755,1275502,32755,KNW,"New Stuyahok, AK",AK,2,Alaska,1
12758,1275804,32758,KOA,"Kona, HI",HI,15,Hawaii,2
12769,1276902,32769,KOT,"Kotlik, AK",AK,2,Alaska,1
12779,1277906,32779,KPN,"Kipnuk, AK",AK,2,Alaska,1
12784,1278403,32784,KPV,"Perryville, AK",AK,2,Alaska,1
12786,1278601,32786,KQA,"Akutan, AK",AK,2,Alaska,1
12807,1280702,32807,KSM,"St. Mary's, AK",AK,2,Alaska,1
12819,1281902,31401,KTN,"Ketchikan, AK",AK,2,Alaska,1
12822,1282203,32822,KTS,"Brevig Mission, AK",AK,2,Alaska,1
12831,1283102,32831,KUK,"Kasigluk, AK",AK,2,Alaska,1
12841,1284103,32841,KVC,"King Cove, AK",AK,2,Alaska,1
12844,1284402,32844,KVL,"Kivalina, AK",AK,2,Alaska,1
12851,1285105,32851,KWK,"Kwigillingok, AK",AK,2,Alaska,1
12853,1285302,32853,KWN,"Quinhagak, AK",AK,2,Alaska,1
12855,1285502,32855,KWT,"Kwethluk, AK",AK,2,Alaska,1
12868,1286802,32868,KYU,"Koyukuk, AK",AK,2,Alaska,1
12878,1287803,32878,LAF,"Lafayette, IN",IN,18,Indiana,42
12882,1288204,33195,LAL,"Lakeland, FL",FL,12,Florida,33
12884,1288403,32884,LAN,"Lansing, MI",MI,26,Michigan,43
12888,1288802,32888,LAR,"Laramie, WY",WY,56,Wyoming,88
12889,1288904,32211,LAS,"Las Vegas, NV",NV,32,Nevada,85
12891,1289102,32891,LAW,"Lawton/Fort Sill, OK",OK,40,Oklahoma,73
12892,1289208,32575,LAX,"Los Angeles, CA",CA,6,California,91
12896,1289607,32896,LBB,"Lubbock, TX",TX,48,Texas,74
12898,1289806,32898,LBE,"Latrobe, PA",PA,42,Pennsylvania,23
12899,1289902,32899,LBF,"North Platte, NE",NE,31,Nebraska,65
12902,1290205,32902,LBL,"Liberal, KS",KS,20,Kansas,62
12915,1291503,31205,LCH,"Lake Charles, LA",LA,22,Louisiana,72
12917,1291703,31066,LCK,"Columbus, OH",OH,39,Ohio,44
12932,1293202,32932,LEB,"Lebanon-Hanover, NH",NH,33,"New Hampshire",14
12934,1293402,32934,LEE,"Leesburg, FL",FL,12,Florida,33
12945,1294503,32945,LEX,"Lexington, KY",KY,21,Kentucky,52
12951,1295106,32951,LFT,"Lafayette, LA",LA,22,Louisiana,72
12953,1295304,31703,LGA,"New York, NY",NY,36,"New York",22
12954,1295407,32575,LGB,"Long Beach, CA",CA,6,California,91
12955,1295503,32955,LGC,"LaGrange, GA",GA,13,Georgia,34
12982,1298202,32982,LIH,"Lihue, HI",HI,15,Hawaii,2
12992,1299206,32600,LIT,"Little Rock, AR",AR,5,Arkansas,71
13002,1300201,30559,LKE,"Seattle, WA",WA,53,Washington,93
13008,1300802,33008,LKP,"Lake Placid, NY",NY,36,"New York",22
13016,1301604,33016,LMA,"Lake Minchumina, AK",AK,2,Alaska,1
13024,1302406,33024,LMT,"Klamath Falls, OR",OR,41,Oregon,92
13029,1302902,33029,LNK,"Lincoln, NE",NE,31,Nebraska,65
13032,1303202,33032,LNS,"Lancaster, PA",PA,42,Pennsylvania,23
13034,1303402,33034,LNY,"Lanai, HI",HI,15,Hawaii,2
13055,1305502,33055,LPS,"Lopez Island, WA",WA,53,Washington,93
13057,1305701,33057,LPW,"Little Port Walter, AK",AK,2,Alaska,1
13061,1306106,33038,LRD,"Laredo, TX",TX,48,Texas,74
13072,1307202,33072,LRU,"Las Cruces, NM",NM,35,"New Mexico",86
13076,1307605,33076,LSE,"La Crosse, WI",WI,55,Wisconsin,45
13087,1308702,32211,LSV,"Las Vegas, NV",NV,32,Nevada,85
13105,1310502,33105,LUK,"Cincinnati, OH",OH,39,Ohio,44
13109,1310902,33109,LUP,"Kalaupapa, HI",HI,15,Hawaii,2
13111,1311102,33111,LUR,"Cape Lisburne, AK",AK,2,Alaska,1
13120,1312001,33120,LVS,"Las Vegas, NM",NM,35,"New Mexico",86
13121,1312102,33121,LWB,"Lewisburg, WV",WV,54,"West Virginia",39
13125,1312506,33125,LWM,"Lawrence, MA",MA,25,Massachusetts,13
13127,1312702,33127,LWS,"Lewiston, ID",ID,16,Idaho,83
13139,1313903,33139,LYH,"Lynchburg, VA",VA,51,Virginia,38
13158,1315805,33158,MAF,"Midland/Odessa, TX",TX,48,Texas,74
13176,1317603,33176,MAZ,"Mayaguez, PR",PR,72,"Puerto Rico",3
13182,1318202,33182,MBL,"Manistee/Ludington, MI",MI,26,Michigan,43
13184,1318403,33184,MBS,"Saginaw/Bay City/Midland, MI",MI,26,Michigan,43
13192,1319203,33192,MCC,"Sacramento, CA",CA,6,California,91
13194,1319403,33194,MCE,"Merced, CA",CA,6,California,91
13196,1319603,33196,MCG,"McGrath, AK",AK,2,Alaska,1
13198,1319801,33198,MCI,"Kansas City, MO",MO,29,Missouri,64
13200,1320003,33200,MCK,"McCook, NE",NE,31,Nebraska,65
13203,1320302,33155,MCN,"Macon, GA",GA,13,Georgia,34
13204,1320402,31454,MCO,"Orlando, FL",FL,12,Florida,33
13211,1321105,33211,MCW,"Mason City, IA",IA,19,Iowa,61
13230,1323002,32070,MDT,"Harrisburg, PA",PA,42,Pennsylvania,23
13232,1323202,30977,MDW,"Chicago, IL",IL,17,Illinois,41
13241,1324102,33241,MEI,"Meridian, MS",MS,28,Mississippi,53
13244,1324402,33244,MEM,"Memphis, TN",TN,47,Tennessee,54
13246,1324601,33246,MEO,"Manteo, NC",NC,37,"North Carolina",36
13256,1325603,33256,MFE,"Mission/McAllen/Edinburg, TX",TX,48,Texas,74
13264,1326404,33264,MFR,"Medford, OR",OR,41,Oregon,92
13277,1327702,33277,MGM,"Montgomery, AL",AL,1,Alabama,51
13282,1328207,33282,MGW,"Morgantown, WV",WV,54,"West Virginia",39
13290,1329003,33290,MHK,"Manhattan/Ft. Riley, KS",KS,20,Kansas,62
13295,1329502,33192,MHR,"Sacramento, CA",CA,6,California,91
13296,1329605,30721,MHT,"Manchester, NH",NH,33,"New Hampshire",14
13303,1330303,32467,MIA,"Miami, FL",FL,12,Florida,33
13307,1330703,33307,MIE,"Muncie/Anderson/Newcastle, IN",IN,18,Indiana,42
13341,1334102,33198,MKC,"Kansas City, MO",MO,29,Missouri,64
13342,1334207,33342,MKE,"Milwaukee, WI",WI,55,Wisconsin,45
13344,1334403,33344,MKG,"Muskegon, MI",MI,26,Michigan,43
13347,1334702,33347,MKK,"Hoolehua, HI",HI,15,Hawaii,2
13348,1334802,33348,MKL,"Jackson, TN",TN,47,Tennessee,54
13360,1336004,33360,MLB,"Melbourne, FL",FL,12,Florida,33
13367,1336707,33367,MLI,"Moline, IL",IL,17,Illinois,41
13369,1336901,33369,MLL,"Marshall, AK",AK,2,Alaska,1
13377,1337703,33377,MLU,"Monroe, LA",LA,22,Louisiana,72
13381,1338105,33381,MLY,"Manley Hot Springs, AK",AK,2,Alaska,1
13388,1338801,33388,MMH,"Mammoth Lakes, CA",CA,6,California,91
13398,1339802,33398,MMU,"Morristown, NJ",NJ,34,"New Jersey",21
13415,1341503,33415,MNT,"Minto, AK",AK,2,Alaska,1
13422,1342202,30562,MOB,"Mobile, AL",AL,1,Alabama,51
13433,1343302,33304,MOT,"Minot, ND",ND,38,"North Dakota",66
13434,1343405,33434,MOU,"Mountain Village, AK",AK,2,Alaska,1
13439,1343901,32467,MPB,"Miami, FL",FL,12,Florida,33
13459,1345904,33459,MQT,"Marquette, MI",MI,26,Michigan,43
13461,1346101,33461,MQY,"Smyrna, TN",TN,47,Tennessee,54
13467,1346706,30299,MRI,"Anchorage, AK",AK,2,Alaska,1
13469,1346903,33469,MRK,"Marco Island, FL",FL,12,Florida,33
13476,1347605,34922,MRY,"Monterey, CA",CA,6,California,91
13484,1348401,33484,MSL,"Muscle Shoals, AL",AL,1,Alabama,51
13485,1348502,33485,MSN,"Madison, WI",WI,55,Wisconsin,45
13486,1348603,33486,MSO,"Missoula, MT",MT,30,Montana,84
13487,1348702,31650,MSP,"Minneapolis, MN",MN,27,Minnesota,63
13490,1349007,33490,MSS,"Massena, NY",NY,36,"New York",22
13495,1349505,33495,MSY,"New Orleans, LA",LA,22,Louisiana,72
13501,1350104,33501,MTH,"Marathon, FL",FL,12,Florida,33
13502,1350202,33502,MTJ,"Montrose/Delta, CO",CO,8,Colorado,82
13505,1350501,30852,MTN,"Baltimore, MD",MD,24,Maryland,35
13513,1351302,31517,MTX,"Fairbanks, AK",AK,2,Alaska,1
13520,1352001,33520,MUE,"Kamuela, HI",HI,15,Hawaii,2
13540,1354005,33540,MVW,"Burlington/Mount Vernon, WA",WA,53,Washington,93
13541,1354102,33541,MVY,"Martha's Vineyard, MA",MA,25,Massachusetts,13
13543,1354305,33543,MWA,"Marion/Herrin, IL",IL,17,Illinois,41
13564,1356405,33564,MXY,"McCarthy, AK",AK,2,Alaska,1
13574,1357405,33574,MYK,"May Creek, AK",AK,2,Alaska,1
13577,1357702,31135,MYR,"Myrtle Beach, SC",SC,45,"South Carolina",37
13579,1357905,33579,MYU,"Mekoryuk, AK",AK,2,Alaska,1
13587,1358702,33587,MZJ,"Marana, AZ",AZ,4,Arizona,81
13629,1362904,31501,NCN,"Chenega, AK",AK,2,Alaska,1
13655,1365502,33495,NEW,"New Orleans, LA",LA,22,Louisiana,72
13667,1366705,33667,NGU,"Norfolk, VA",VA,51,Virginia,38
13676,1367602,33676,NIB,"Nikolai, AK",AK,2,Alaska,1
13704,1370402,33704,NLG,"Nelson Lagoon, AK",AK,2,Alaska,1
13710,1371005,33710,NME,"Nightmute, AK",AK,2,Alaska,1
13731,1373104,33731,NPT,"Newport, RI",RI,44,"Rhode Island",15
13767,1376705,33767,NUI,"Nuiqsut, AK",AK,2,Alaska,1
13768,1376802,33768,NUL,"Nulato, AK",AK,2,Alaska,1
13770,1377002,33770,NUP,"Nunapitchuk, AK",AK,2,Alaska,1
13771,1377103,33771,NUQ,"Mountain View, CA",CA,6,California,91
13785,1378502,33785,NYL,"Yuma, AZ",AZ,4,Arizona,81
13795,1379502,33795,OAJ,"Jacksonville/Camp Lejeune, NC",NC,37,"North Carolina",36
13796,1379610,32457,OAK,"Oakland, CA",CA,6,California,91
13806,1380602,33806,OBU,"Kobuk, AK",AK,2,Alaska,1
13809,1380903,33809,OCF,"Ocala, FL",FL,12,Florida,33
13829,1382903,32131,OGD,"Ogden, UT",UT,49,Utah,87
13830,1383002,33830,OGG,"Kahului, HI",HI,15,Hawaii,2
13832,1383205,33832,OGS,"Ogdensburg, NY",NY,36,"New York",22
13851,1385103,33851,OKC,"Oklahoma City, OK",OK,40,Oklahoma,73
13862,1386202,33862,OLF,"Wolf Point, MT",MT,30,Montana,84
13871,1387102,33316,OMA,"Omaha, NE",NE,31,Nebraska,65
13873,1387306,33873,OME,"Nome, AK",AK,2,Alaska,1
13890,1389003,33890,ONP,"Newport, OR",OR,41,Oregon,92
13891,1389101,32575,ONT,"Ontario, CA",CA,6,California,91
13894,1389402,33894,OOK,"Toksook, AK",AK,2,Alaska,1
13898,1389806,32467,OPF,"Miami, FL",FL,12,Florida,33
13930,1393008,30977,ORD,"Chicago, IL",IL,17,Illinois,41
13931,1393102,33667,ORF,"Norfolk, VA",VA,51,Virginia,38
13933,1393305,33933,ORH,"Worcester, MA",MA,25,Massachusetts,13
13936,1393603,31454,ORL,"Orlando, FL",FL,12,Florida,33
13942,1394202,33942,ORV,"Noorvik, AK",AK,2,Alaska,1
13947,1394702,33947,OSC,"Oscoda, MI",MI,26,Michigan,43
13964,1396403,33964,OTH,"North Bend/Coos Bay, OR",OR,41,Oregon,92
13970,1397005,33970,OTZ,"Kotzebue, AK",AK,2,Alaska,1
13983,1398305,33983,OWB,"Owensboro, KY",KY,21,Kentucky,52
13984,1398402,33984,OWD,"Norwood, MA",MA,25,Massachusetts,13
13987,1398702,33987,OXC,"Waterbury, CT",CT,9,Connecticut,11
13988,1398802,33988,OXR,"Oxnard/Ventura, CA",CA,6,California,91
14004,1400403,34004,PAE,"Everett, WA",WA,53,Washington,93
14006,1400602,34006,PAH,"Paducah, KY",KY,21,Kentucky,52
14025,1402501,34025,PBG,"Plattsburgh, NY",NY,36,"New York",22
14027,1402702,34027,PBI,"West Palm Beach/Palm Beach, FL",FL,12,Florida,33
14044,1404402,34044,PCT,"Princeton, NJ",NJ,34,"New Jersey",21
14050,1405003,30397,PDK,"Atlanta, GA",GA,13,Georgia,34
14054,1405406,34054,PDT,"Pendleton, OR",OR,41,Oregon,92
14057,1405702,34057,PDX,"Portland, OR",OR,41,Oregon,92
14062,1406201,34062,PEC,"Pelican, AK",AK,2,Alaska,1
14081,1408102,34081,PGA,"Page, AZ",AZ,4,Arizona,81
14082,1408203,34082,PGD,"Punta Gorda, FL",FL,12,Florida,33
14088,1408804,34088,PGM,"Port Graham, AK",AK,2,Alaska,1
14092,1409205,34092,PGV,"Greenville, NC",NC,37,"North Carolina",36
14098,1409803,33667,PHF,"Newport News/Williamsburg, VA",VA,51,Virginia,38
14100,1410005,34100,PHL,"Philadelphia, PA",PA,42,Pennsylvania,23
14102,1410206,34102,PHO,"Point Hope, AK",AK,2,Alaska,1
14107,1410702,30466,PHX,"Phoenix, AZ",AZ,4,Arizona,81
14108,1410803,34108,PIA,"Peoria, IL",IL,17,Illinois,41
14109,1410902,34109,PIB,"Hattiesburg/Laurel, MS",MS,28,Mississippi,53
14112,1411206,33195,PIE,"St. Petersburg, FL",FL,12,Florida,33
14113,1411302,34113,PIH,"Pocatello, ID",ID,16,Idaho,83
14119,1411902,34119,PIP,"Pilot Point, AK",AK,2,Alaska,1
14120,1412002,34120,PIR,"Pierre, SD",SD,46,"South Dakota",67
14122,1412202,30198,PIT,"Pittsburgh, PA",PA,42,Pennsylvania,23
14125,1412502,34125,PIZ,"Point Lay, AK",AK,2,Alaska,1
14130,1413003,34130,PKA,"Napaskiak, AK",AK,2,Alaska,1
14131,1413106,34131,PKB,"Parkersburg, WV",WV,54,"West Virginia",39
14150,1415002,34150,PLN,"Pellston, MI",MI,26,Michigan,43
14167,1416702,34167,PML,"Port Moller, AK",AK,2,Alaska,1
14182,1418203,34100,PNE,"Philadelphia, PA",PA,42,Pennsylvania,23
14193,1419306,33728,PNS,"Pensacola, FL",FL,12,Florida,33
14197,1419706,31641,POB,"Fayetteville, NC",NC,37,"North Carolina",36
14218,1421802,34218,PPC,"Prospect Creek, AK",AK,2,Alaska,1
14222,1422208,34222,PPG,"Pago Pago, TT",TT,75,"U.S. Pacific Trust Territories and Possessions",5
14223,1422305,34223,PPM,"Pompano Beach, FL",FL,12,Florida,33
14231,1423103,34231,PQI,"Presque Isle/Houlton, ME",ME,23,Maine,12
14234,1423404,34234,PQS,"Pilot Station, AK",AK,2,Alaska,1
14237,1423706,34237,PRC,"Prescott, AZ",AZ,4,Arizona,81
14252,1425203,34252,PSC,"Pasco/Kennewick/Richland, WA",WA,53,Washington,93
14254,1425404,34254,PSE,"Ponce, PR",PR,72,"Puerto Rico",3
14256,1425605,34256,PSG,"Petersburg, AK",AK,2,Alaska,1
14258,1425801,34258,PSK,"Dublin, VA",VA,51,Virginia,38
14259,1425902,34259,PSM,"Portsmouth, NH",NH,33,"New Hampshire",14
14262,1426204,34262,PSP,"Palm Springs, CA",CA,6,California,91
14270,1427001,34270,PTD,"Port Alexander, AK",AK,2,Alaska,1
14273,1427302,34273,PTH,"Port Heiden, AK",AK,2,Alaska,1
14275,1427502,34275,PTK,"Pontiac, MI",MI,26,Michigan,43
14276,1427601,34276,PTL,"Port Armstrong, AK",AK,2,Alaska,1
14282,1428205,31406,PTU,"Platinum, AK",AK,2,Alaska,1
14288,1428805,34288,PUB,"Pueblo, CO",CO,8,Colorado,82
14303,1430303,34303,PUW,"Pullman, WA",WA,53,Washington,93
14306,1430604,34306,PVC,"Provincetown, MA",MA,25,Massachusetts,13
14307,1430706,30721,PVD,"Providence, RI",RI,44,"Rhode Island",15
14314,1431402,34314,PVU,"Provo, UT",UT,49,Utah,87
14315,1431502,34315,PVW,"Plainview, TX",TX,48,Texas,74
14318,1431803,33851,PWA,"Oklahoma City, OK",OK,40,Oklahoma,73
14320,1432004,30977,PWK,"Chicago, IL",IL,17,Illinois,41
14321,1432105,34321,PWM,"Portland, ME",ME,23,Maine,12
14457,1445702,34457,RAP,"Rapid City, SD",SD,46,"South Dakota",67
14467,1446705,34467,RBG,"Roseburg, OR",OR,41,Oregon,92
14470,1447001,34470,RBN,"Fort Jefferson, FL",FL,12,Florida,33
14474,1447402,34474,RBY,"Ruby, AK",AK,2,Alaska,1
14477,1447701,34477,RCE,"Roche Harbor, WA",WA,53,Washington,93
14485,1448502,34485,RDB,"Red Dog, AK",AK,2,Alaska,1
14487,1448703,33792,RDD,"Redding, CA",CA,6,California,91
14489,1448903,34489,RDM,"Bend/Redmond, OR",OR,41,Oregon,92
14492,1449202,34492,RDU,"Raleigh/Durham, NC",NC,37,"North Carolina",36
14493,1449302,34493,RDV,"Red Devil, AK",AK,2,Alaska,1
14512,1451202,34512,RFD,"Rockford, IL",IL,17,Illinois,41
14520,1452002,34520,RHI,"Rhinelander, WI",WI,55,Wisconsin,45
14524,1452401,34524,RIC,"Richmond, VA",VA,51,Virginia,38
14530,1453006,34530,RIL,"Rifle, CO",CO,8,Colorado,82
14533,1453302,34454,RIV,"Riverside, CA",CA,6,California,91
14534,1453403,34534,RIW,"Riverton/Lander, WY",WY,56,Wyoming,88
14539,1453903,34539,RKD,"Rockland, ME",ME,23,Maine,12
14543,1454303,34543,RKS,"Rock Springs, WY",WY,56,Wyoming,88
14557,1455701,34557,RMN,"Stafford, VA",VA,51,Virginia,38
14559,1455902,34559,RMP,"Rampart, AK",AK,2,Alaska,1
14570,1457002,34570,RNO,"Reno, NV",NV,32,Nevada,85
14574,1457406,34574,ROA,"Roanoke, VA",VA,51,Virginia,38
14576,1457607,34576,ROC,"Rochester, NY",NY,36,"New York",22
14582,1458209,34582,ROP,"Rota, TT",TT,75,"U.S. Pacific Trust Territories and Possessions",5
14588,1458805,34588,ROW,"Roswell, NM",NM,35,"New Mexico",86
14627,1462702,34627,RSH,"Russian Mission, AK",AK,2,Alaska,1
14633,1463303,32547,RST,"Rochester, MN",MN,27,Minnesota,63
14635,1463502,31714,RSW,"Fort Myers, FL",FL,12,Florida,33
14648,1464805,34648,RUT,"Rutland, VT",VT,50,Vermont,16
14673,1467302,34673,SAD,"Safford, AZ",AZ,4,Arizona,81
14674,1467402,34674,SAF,"Santa Fe, NM",NM,35,"New Mexico",86
14679,1467903,33570,SAN,"San Diego, CA",CA,6,California,91
14683,1468305,33214,SAT,"San Antonio, TX",TX,48,Texas,74
14685,1468502,34685,SAV,"Savannah, GA",GA,13,Georgia,34
14689,1468902,34689,SBA,"Santa Barbara, CA",CA,6,California,91
14691,1469103,34691,SBD,"San Bernardino, CA",CA,6,California,91
14696,1469608,34696,SBN,"South Bend, IN",IN,18,Indiana,42
14698,1469802,34236,SBP,"San Luis Obispo, CA",CA,6,California,91
14704,1470405,34704,SBY,"Salisbury, MD",MD,24,Maryland,35
14709,1470904,30073,SCC,"Deadhorse, AK",AK,2,Alaska,1
14711,1471105,34711,SCE,"State College, PA",PA,42,Pennsylvania,23
14712,1471201,30466,SCF,"Phoenix, AZ",AZ,4,Arizona,81
14716,1471604,34716,SCK,"Stockton, CA",CA,6,California,91
14718,1471802,34718,SCM,"Scammon Bay, AK",AK,2,Alaska,1
14730,1473004,33044,SDF,"Louisville, KY",KY,21,Kentucky,52
14736,1473604,33570,SDM,"San Diego, CA",CA,6,California,91
14738,1473802,34738,SDP,"Sandpoint, AK",AK,2,Alaska,1
14745,1474505,34745,SDY,"Sidney, MT",MT,30,Montana,84
14747,1474703,30559,SEA,"Seattle, WA",WA,53,Washington,93
14749,1474902,33570,SEE,"San Diego, CA",CA,6,California,91
14761,1476107,34761,SFB,"Sanford, FL",FL,12,Florida,33
14771,1477104,32457,SFO,"San Francisco, CA",CA,6,California,91
14783,1478302,34783,SGF,"Springfield, MO",MO,29,Missouri,64
14792,1479201,34792,SGR,"Sugar Land, TX",TX,48,Texas,74
14794,1479405,34794,SGU,"St. George, UT",UT,49,Utah,87
14797,1479703,34797,SGY,"Skagway, AK",AK,2,Alaska,1
14802,1480202,34802,SHD,"Staunton, VA",VA,51,Virginia,38
14804,1480402,34804,SHG,"Shungnak, AK",AK,2,Alaska,1
14805,1480502,34805,SHH,"Shishmaref, AK",AK,2,Alaska,1
14812,1481202,34812,SHR,"Sheridan, WY",WY,56,Wyoming,88
14814,1481403,30476,SHV,"Shreveport, LA",LA,22,Louisiana,72
14816,1481602,34816,SHX,"Shageluk, AK",AK,2,Alaska,1
14828,1482805,34828,SIT,"Sitka, AK",AK,2,Alaska,1
14831,1483106,32457,SJC,"San Jose, CA",CA,6,California,91
14842,1484202,34842,SJT,"San Angelo, TX",TX,48,Texas,74
14843,1484306,34819,SJU,"San Juan, PR",PR,72,"Puerto Rico",3
14856,1485602,34856,SKK,"Shaktoolik, AK",AK,2,Alaska,1
14863,1486305,34863,SKW,"Skwentna, AK",AK,2,Alaska,1
14869,1486903,34614,SLC,"Salt Lake City, UT",UT,49,Utah,87
14871,1487102,34871,SLE,"Salem, OR",OR,41,Oregon,92
14875,1487502,34875,SLK,"Saranac Lake/Lake Placid, NY",NY,36,"New York",22
14877,1487706,34877,SLN,"Salina, KS",KS,20,Kansas,62
14880,1488002,34880,SLQ,"Sleetmute, AK",AK,2,Alaska,1
14893,1489302,33192,SMF,"Sacramento, CA",CA,6,California,91
14895,1489502,34895,SMK,"St. Michael, AK",AK,2,Alaska,1
14905,1490505,34905,SMX,"Santa Maria, CA",CA,6,California,91
14908,1490803,32575,SNA,"Santa Ana, CA",CA,6,California,91
14919,1491902,34919,SNP,"St. Paul, AK",AK,2,Alaska,1
14942,1494205,34942,SOV,"Seldovia, AK",AK,2,Alaska,1
14943,1494303,34943,SOW,"Show Low, AZ",AZ,4,Arizona,81
14952,1495203,34952,SPI,"Springfield, IL",IL,17,Illinois,41
14955,1495503,34955,SPN,"Saipan, TT",TT,75,"U.S. Pacific Trust Territories and Possessions",5
14960,1496002,34960,SPS,"Wichita Falls, TX",TX,48,Texas,74
14967,1496702,34967,SQL,"San Carlos, CA",CA,6,California,91
14986,1498603,34986,SRQ,"Sarasota/Bradenton, FL",FL,12,Florida,33
14987,1498702,34987,SRV,"Stony River, AK",AK,2,Alaska,1
15008,1500803,32556,STC,"St. Cloud, MN",MN,27,Minnesota,63
15012,1501201,35012,STG,"St. George Island, AK",AK,2,Alaska,1
15016,1501606,31123,STL,"St. Louis, MO",MO,29,Missouri,64
15023,1502305,34433,STS,"Santa Rosa, CA",CA,6,California,91
15024,1502403,34945,STT,"Charlotte Amalie, VI",VI,78,"U.S. Virgin Islands",4
15027,1502704,34992,STX,"Christiansted, VI",VI,78,"U.S. Virgin Islands",4
15030,1503002,35030,SUA,"Stuart, FL",FL,12,Florida,33
15041,1504102,35041,SUN,"Sun Valley/Hailey/Ketchum, ID",ID,16,Idaho,83
15043,1504302,31123,SUS,"St. Louis, MO",MO,29,Missouri,64
15045,1504505,35045,SUU,"Fairfield, CA",CA,6,California,91
15048,1504805,35048,SUX,"Sioux City, IA",IA,19,Iowa,61
15049,1504902,35049,SVA,"Savoonga, AK",AK,2,Alaska,1
15051,1505102,35051,SVC,"Silver City/Hurley, NM",NM,35,"New Mexico",86
15057,1505702,34685,SVN,"Savannah, GA",GA,13,Georgia,34
15061,1506102,35061,SVS,"Stevens Village, AK",AK,2,Alaska,1
15070,1507003,31703,SWF,"Newburgh/Poughkeepsie, NY",NY,36,"New York",22
15074,1507402,35074,SWO,"Stillwater, OK",OK,40,Oklahoma,73
15085,1508505,35085,SXP,"Sheldon Point, AK",AK,2,Alaska,1
15086,1508605,35086,SXQ,"Soldotna, AK",AK,2,Alaska,1
15096,1509602,35096,SYR,"Syracuse, NY",NY,36,"New York",22
15124,1512405,35124,TAL,"Tanana, AK",AK,2,Alaska,1
15138,1513802,35138,TBN,"Fort Leonard Wood, MO",MO,29,Missouri,64
15153,1515303,35153,TCL,"Tuscaloosa, AL",AL,1,Alabama,51
15154,1515402,31979,TCM,"Tacoma, WA",WA,53,Washington,93
15160,1516006,35160,TCT,"Takotna, AK",AK,2,Alaska,1
15167,1516702,35167,TEB,"Teterboro, NJ",NJ,34,"New Jersey",21
15171,1517102,35171,TEK,"Tatitlek, AK",AK,2,Alaska,1
15177,1517702,35177,TEX,"Telluride, CO",CO,8,Colorado,82
15211,1521102,33851,TIK,"Oklahoma City, OK",OK,40,Oklahoma,73
15215,1521503,35215,TIQ,"Tinian, TT",TT,75,"U.S. Pacific Trust Territories and Possessions",5
15220,1522002,31979,TIW,"Tacoma, WA",WA,53,Washington,93
15221,1522102,35221,TIX,"Titusville, FL",FL,12,Florida,33
15231,1523101,35231,TKE,"Tenakee, AK",AK,2,Alaska,1
15232,1523201,35232,TKF,"Truckee, CA",CA,6,California,91
15236,1523602,35236,TKJ,"Tok, AK",AK,2,Alaska,1
15245,1524502,35245,TLA,"Teller, AK",AK,2,Alaska,1
15249,1524906,35249,TLH,"Tallahassee, FL",FL,12,Florida,33
15250,1525006,35250,TLJ,"Tatalina, AK",AK,2,Alaska,1
15257,1525706,35257,TLT,"Tuluksak, AK",AK,2,Alaska,1
15260,1526006,32467,TMB,"Miami, FL",FL,12,Florida,33
15278,1527802,35278,TNC,"Tin City, AK",AK,2,Alaska,1
15282,1528205,35282,TNK,"Tununak, AK",AK,2,Alaska,1
15293,1529305,35293,TOG,"Togiak, AK",AK,2,Alaska,1
15295,1529503,35165,TOL,"Toledo, OH",OH,39,Ohio,44
15304,1530402,33195,TPA,"Tampa, FL",FL,12,Florida,33
15323,1532305,35323,TRI,"Bristol/Johnson City/Kingsport, TN",TN,47,Tennessee,54
15325,1532502,34262,TRM,"Thermal, CA",CA,6,California,91
15342,1534205,35342,TSM,"Taos, NM",NM,35,"New Mexico",86
15346,1534602,31703,TSS,"New York, NY",NY,36,"New York",22
15356,1535602,35356,TTN,"Trenton, NJ",NJ,34,"New Jersey",21
15370,1537002,34653,TUL,"Tulsa, OK",OK,40,Oklahoma,73
15374,1537405,35374,TUP,"Tupelo, MS",MS,28,Mississippi,53
15376,1537604,30436,TUS,"Tucson, AZ",AZ,4,Arizona,81
15380,1538005,35380,TVC,"Traverse City, MI",MI,26,Michigan,43
15381,1538102,35381,TVF,"Thief River Falls, MN",MN,27,Minnesota,63
15385,1538502,35385,TWA,"Twin Hills, AK",AK,2,Alaska,1
15389,1538902,35389,TWF,"Twin Falls, ID",ID,16,Idaho,83
15401,1540103,35401,TXK,"Texarkana, AR",AR,5,Arkansas,71
15406,1540602,35406,TYE,"Tyonek, AK",AK,2,Alaska,1
15411,1541106,35411,TYR,"Tyler, TX",TX,48,Texas,74
15412,1541206,35412,TYS,"Knoxville, TN",TN,47,Tennessee,54
15427,1542702,35427,UBF,"Chatham, MA",MA,25,Massachusetts,13
15434,1543402,34262,UDD,"Bermuda Dunes, CA",CA,6,California,91
15447,1544705,35447,UGN,"Waukegan, IL",IL,17,Illinois,41
15448,1544802,34464,UGS,"Ugashik, AK",AK,2,Alaska,1
15454,1545405,35454,UIN,"Quincy, IL",IL,17,Illinois,41
15458,1545802,35458,UKI,"Ukiah, CA",CA,6,California,91
15478,1547802,35478,UNK,"Unalakleet, AK",AK,2,Alaska,1
15481,1548102,35481,UOX,"Oxford, MS",MS,28,Mississippi,53
15498,1549802,35498,UT1,"Heber, UT",UT,49,Utah,87
15504,1550406,35504,UTO,"Utopia, AK",AK,2,Alaska,1
15525,1552501,35525,UXK,"Petaluma, CA",CA,6,California,91
15554,1555402,35554,VAK,"Chevak, AK",AK,2,Alaska,1
15569,1556903,35569,VCT,"Victoria, TX",TX,48,Texas,74
15570,1557002,35570,VCV,"Victorville, CA",CA,6,California,91
15579,1557902,35579,VDZ,"Valdez, AK",AK,2,Alaska,1
15581,1558102,35581,VEE,"Venetie, AK",AK,2,Alaska,1
15582,1558203,35582,VEL,"Vernal, UT",UT,49,Utah,87
15589,1558903,32211,VGT,"Las Vegas, NV",NV,32,Nevada,85
15601,1560102,35601,VIS,"Visalia, CA",CA,6,California,91
15607,1560702,35550,VLD,"Valdosta, GA",GA,13,Georgia,34
15615,1561503,35615,VNC,"Venice, FL",FL,12,Florida,33
15618,1561801,32575,VNY,"Van Nuys, CA",CA,6,California,91
15624,1562404,31504,VPS,"Valparaiso, FL",FL,12,Florida,33
15626,1562603,35626,VQS,"Vieques, PR",PR,72,"Puerto Rico",3
15628,1562805,35628,VRB,"Vero Beach, FL",FL,12,Florida,33
15709,1570902,35709,WAA,"Wales, AK",AK,2,Alaska,1
15721,1572102,35721,WBB,"Stebbins, AK",AK,2,Alaska,1
15725,1572505,35725,WBQ,"Beaver, AK",AK,2,Alaska,1
15785,1578502,30020,WLK,"Selawik, AK",AK,2,Alaska,1
15794,1579402,35794,WMO,"White Mountain, AK",AK,2,Alaska,1
15798,1579802,35798,WNA,"Napakiak, AK",AK,2,Alaska,1
15841,1584102,35841,WRG,"Wrangell, AK",AK,2,Alaska,1
15853,1585302,35853,WSN,"South Naknek, AK",AK,2,Alaska,1
15855,1585502,35855,WST,"Westerly, RI",RI,44,"Rhode Island",15
15861,1586105,31464,WTK,"Noatak, AK",AK,2,Alaska,1
15862,1586206,35862,WTL,"Tuntutuliak, AK",AK,2,Alaska,1
15887,1588703,35887,WWT,"Newtok, AK",AK,2,Alaska,1
15919,1591905,31834,XNA,"Fayetteville, AR",AR,5,Arkansas,71
15973,1597302,35973,XXP,"Lakeport, CA",CA,6,California,91
15991,1599102,35991,YAK,"Yakutat, AK",AK,2,Alaska,1
16091,1609106,31295,YIP,"Detroit, MI",MI,26,Michigan,43
16101,1610102,36101,YKM,"Yakima, WA",WA,53,Washington,93
16218,1621802,33785,YUM,"Yuma, AZ",AZ,4,Arizona,81
16390,1639005,36390,BVU,"Beluga, AK",AK,2,Alaska,1
16441,1644104,36442,CT1,"Plainville, CT",CT,9,Connecticut,11
16520,1652002,36510,DE2,"Middletown, DE",DE,10,Delaware,31
16525,1652502,36515,PA5,"West Chester, PA",PA,42,Pennsylvania,23
16526,1652604,36516,MA4,"Marshfield, MA",MA,25,Massachusetts,13
16540,1654001,36526,ME3,"Belfast, ME",ME,23,Maine,12
16542,1654201,36528,RBW,"Walterboro, SC",SC,45,"South Carolina",37
16567,1656701,36553,7AK,"Akun, AK",AK,2,Alaska,1
16571,1657103,36557,1NY,"Penn Yan, NY",NY,36,"New York",22
16748,1674801,36724,DYL,"Doylestown, PA",PA,42,Pennsylvania,23
16755,1675503,30194,T8X,"Dallas, TX",TX,48,Texas,74
16829,1682901,36801,LNA,"West Palm Beach, FL",FL,12,Florida,33
16869,1686902,32389,XWA,"Williston, ND",ND,38,"North Dakota",66
16879,1687901,36846,T4X,"Llano, TX",TX,48,Texas,74
17011,1701101,35887,6AK,"Newtok, AK",AK,2,Alaska,1
